iteration,w,b,cost
0,0.5,0.5,0.0520833
1,0.5,0.486111,0.0510224
2,0.503665,0.493441,0.0513964
3,0.503665,0.479735,0.0504128
4,0.507393,0.487191,0.0507539
5,0.507393,0.473658,0.0498411
6,0.507393,0.460501,0.0491291
7,0.508285,0.461393,0.0491205
8,0.508285,0.448576,0.0485763
9,0.509483,0.449775,0.0485446
10,0.509483,0.437281,0.0481498
11,0.513761,0.445836,0.0481299
12,0.514883,0.446958,0.0481012
13,0.515943,0.448018,0.0480768
14,0.515943,0.435573,0.0476649
15,0.5202,0.444086,0.0476656
16,0.524308,0.452303,0.0477766
17,0.524308,0.439739,0.0472551
18,0.524308,0.427524,0.0468994
19,0.524308,0.415648,0.0466967
20,0.528783,0.424598,0.0465307
21,0.530078,0.425893,0.0464744
22,0.531301,0.427116,0.0464249
23,0.532456,0.428271,0.0463815
24,0.532456,0.416375,0.0461212
25,0.533877,0.417796,0.0460469
26,0.53522,0.419139,0.0459811
27,0.53522,0.407496,0.0458151
28,0.536811,0.409087,0.045715
29,0.54129,0.418046,0.0455549
30,0.545614,0.426693,0.0455223
31,0.549788,0.43504,0.0456047
32,0.549788,0.422956,0.0451549
33,0.550545,0.423713,0.0451342
34,0.554726,0.432074,0.0452149
35,0.558761,0.440146,0.0453992
36,0.562657,0.447937,0.0456761
37,0.566417,0.455457,0.0460359
38,0.566417,0.442805,0.045205
39,0.570222,0.450416,0.0455411
40,0.569649,0.449843,0.0455233
41,0.573334,0.457213,0.0459291
42,0.576891,0.464328,0.0464034
43,0.580325,0.471195,0.0469382
44,0.578894,0.469764,0.0468375
45,0.582238,0.476453,0.0474124
46,0.580608,0.474822,0.0472824
47,0.580608,0.461633,0.0460707
48,0.579435,0.460459,0.0460043
49,0.578326,0.459351,0.0459447
50,0.581819,0.466337,0.0464531
51,0.580482,0.464999,0.0463667
52,0.579218,0.463736,0.0462891
53,0.579218,0.450854,0.0452555
54,0.582823,0.458064,0.0457095
55,0.586302,0.465023,0.0462267
56,0.589661,0.47174,0.0467997
57,0.587956,0.470034,0.0466642
58,0.591233,0.47659,0.0472713
59,0.591233,0.463351,0.0459617
60,0.594581,0.470046,0.0465421
61,0.594581,0.45699,0.0453129
62,0.597994,0.463815,0.0458672
63,0.601288,0.470404,0.0464731
64,0.604468,0.476764,0.047124
65,0.602211,0.474507,0.0468987
66,0.60008,0.472376,0.0466972
67,0.60008,0.459254,0.0453957
68,0.603423,0.465941,0.0459829
69,0.601497,0.464014,0.0458229
70,0.599677,0.462194,0.04568
71,0.599677,0.449355,0.044538
72,0.599677,0.436873,0.0435858
73,0.598662,0.435858,0.0435481
74,0.598662,0.423751,0.0427918
75,0.602508,0.431443,0.0431245
76,0.602508,0.419459,0.0424049
77,0.601898,0.418848,0.0423963
78,0.605789,0.426632,0.0427036
79,0.605789,0.414781,0.0420289
80,0.605218,0.41421,0.0420231
81,0.604678,0.41367,0.0420184
82,0.608623,0.421559,0.042295
83,0.607784,0.42072,0.0422761
84,0.607784,0.409033,0.0416672
85,0.607784,0.397671,0.0412061
86,0.607633,0.39752,0.0412081
87,0.611781,0.405816,0.0413516
88,0.611781,0.394543,0.0409074
89,0.611781,0.383584,0.0405974
90,0.611781,0.372929,0.0404111
91,0.616242,0.38185,0.0403219
92,0.616242,0.371244,0.0401309
93,0.616242,0.360931,0.0400532
94,0.616876,0.361565,0.0400154
95,0.616876,0.351522,0.0400323
96,0.617753,0.3524,0.0399683
97,0.622458,0.361809,0.0396762
98,0.622458,0.351758,0.0396627
99,0.623174,0.352475,0.0396143
100,0.62784,0.361806,0.0393607
101,0.632344,0.370814,0.0392485
102,0.632344,0.360513,0.0390922
103,0.632344,0.350499,0.039042
104,0.636973,0.359758,0.0388272
105,0.636973,0.349765,0.0387614
106,0.636973,0.340049,0.0387932
107,0.636973,0.330604,0.0389146
108,0.637874,0.331504,0.0388373
109,0.642729,0.341214,0.038423
110,0.647415,0.350587,0.0381665
111,0.647415,0.340848,0.0381397
112,0.652074,0.350166,0.0379109
113,0.656572,0.359161,0.0378223
114,0.660913,0.367843,0.0378598
115,0.660114,0.367044,0.0378678
116,0.664321,0.375458,0.0380063
117,0.663216,0.374353,0.0380018
118,0.662172,0.373309,0.0380001
119,0.666278,0.381521,0.0382103
120,0.670241,0.389447,0.0385158
121,0.670241,0.378629,0.0379479
122,0.668883,0.377271,0.0379289
123,0.668883,0.366791,0.0375117
124,0.667892,0.3658,0.0375162
125,0.672063,0.374141,0.0376861
126,0.676088,0.382192,0.0379558
127,0.674469,0.380573,0.0379163
128,0.678388,0.388411,0.0382541
129,0.682172,0.395978,0.0386736
130,0.680001,0.393807,0.038565
131,0.683698,0.401201,0.0390323
132,0.687267,0.408339,0.0395665
133,0.687267,0.396996,0.0386632
134,0.690869,0.404201,0.0391832
135,0.694346,0.411155,0.0397641
136,0.691416,0.408225,0.0395208
137,0.691416,0.396885,0.0385955
138,0.688963,0.394432,0.0384496
139,0.686646,0.392116,0.0383251
140,0.686646,0.381224,0.0376354
141,0.684761,0.379338,0.0375745
142,0.682981,0.377558,0.0375248
143,0.686883,0.385362,0.0378785
144,0.684876,0.383355,0.037801
145,0.688684,0.390972,0.0382105
146,0.688684,0.380112,0.0375239
147,0.686773,0.378201,0.0374618
148,0.684969,0.376396,0.0374113
149,0.683264,0.374691,0.0373708
150,0.681654,0.373082,0.037339
151,0.681654,0.362718,0.0369031
152,0.681654,0.352643,0.0365823
153,0.681654,0.342847,0.0363677
154,0.680973,0.342166,0.0363871
155,0.680973,0.332662,0.0362803
156,0.680595,0.332283,0.0362969
157,0.680595,0.323053,0.0362849
158,0.680595,0.314079,0.0363549
159,0.680743,0.314227,0.0363444
160,0.680882,0.314367,0.0363344
161,0.680882,0.305635,0.0364761
162,0.680882,0.297145,0.036687
163,0.681493,0.297755,0.0366283
164,0.681493,0.289484,0.0368955
165,0.686628,0.299755,0.0362397
166,0.686628,0.291429,0.0364708
167,0.686628,0.283334,0.036762
168,0.686628,0.275463,0.0371079
169,0.686628,0.267812,0.0375037
170,0.692029,0.278614,0.0365652
171,0.692029,0.270874,0.0369205
172,0.69306,0.271905,0.036792
173,0.694033,0.272878,0.0366729
174,0.694952,0.273797,0.0365626
175,0.694952,0.266192,0.0369367
176,0.694952,0.258797,0.037356
177,0.696237,0.260082,0.0371762
178,0.69745,0.261296,0.0370102
179,0.69745,0.254037,0.0374477
180,0.698798,0.255385,0.0372527
181,0.700071,0.256658,0.0370727
182,0.701273,0.25786,0.0369062
183,0.70671,0.268735,0.0359396
184,0.707392,0.269417,0.0358612
185,0.707392,0.261933,0.0362151
186,0.708244,0.262785,0.0361092
187,0.713565,0.273427,0.0352794
188,0.713565,0.265831,0.0355852
189,0.714137,0.266404,0.0355204
190,0.719367,0.276863,0.0347943
191,0.719367,0.269172,0.0350555
192,0.724522,0.279482,0.0344124
193,0.729498,0.289433,0.0339533
194,0.729498,0.281393,0.034086
195,0.734412,0.291223,0.0336898
196,0.734412,0.283133,0.0337891
197,0.733925,0.282646,0.0338229
198,0.738791,0.292379,0.0334756
199,0.738791,0.284257,0.0335483
200,0.738151,0.283617,0.0335891
201,0.737546,0.283013,0.0336287
202,0.742383,0.292685,0.0333122
203,0.741409,0.291711,0.0333593
204,0.741409,0.283608,0.0334266
205,0.740714,0.282913,0.03347
206,0.740057,0.282257,0.033512
207,0.739438,0.281637,0.0335527
208,0.74428,0.291321,0.0332323
209,0.748954,0.30067,0.0330657
210,0.753466,0.309693,0.0330379
211,0.751711,0.307939,0.0330617
212,0.750055,0.306282,0.033091
213,0.74849,0.304717,0.0331248
214,0.74849,0.296253,0.0330566
215,0.753066,0.305406,0.0329758
216,0.751442,0.303781,0.0330086
217,0.749908,0.302247,0.0330454
218,0.749908,0.293852,0.0329922
219,0.749908,0.285689,0.0330081
220,0.754621,0.295116,0.0328119
221,0.754621,0.286918,0.0327983
222,0.759285,0.296245,0.0326489
223,0.763786,0.305248,0.0326371
224,0.761869,0.303331,0.0326582
225,0.761869,0.294905,0.0325454
226,0.761869,0.286713,0.0325038
227,0.761869,0.278749,0.0325277
228,0.76074,0.27762,0.0325858
229,0.76549,0.287121,0.0323658
230,0.770076,0.296291,0.0322907
231,0.774502,0.305143,0.0323462
232,0.772289,0.302931,0.0323499
233,0.776608,0.311567,0.0324877
234,0.776608,0.302913,0.0322378
235,0.774399,0.300704,0.0322446
236,0.772313,0.298618,0.0322618
237,0.772313,0.290323,0.032146
238,0.776806,0.299309,0.0321505
239,0.774692,0.297195,0.0321678
240,0.772695,0.295198,0.0321941
241,0.772695,0.286998,0.0321057
242,0.777232,0.296072,0.0320756
243,0.781611,0.304831,0.0321719
244,0.77921,0.30243,0.0321619
245,0.783487,0.310984,0.0323345
246,0.787616,0.319242,0.0326124
247,0.791601,0.327213,0.0329844
248,0.795448,0.334907,0.0334402
249,0.795448,0.325604,0.0328698
250,0.799291,0.333289,0.0333305
251,0.803,0.340708,0.0338651
252,0.799008,0.336716,0.0335631
253,0.802672,0.344043,0.0341204
254,0.802672,0.334486,0.0334139
255,0.802672,0.325195,0.0328145
256,0.802672,0.316162,0.0323145
257,0.806596,0.324009,0.0327335
258,0.810383,0.331584,0.0332316
259,0.806439,0.32764,0.0329603
260,0.806439,0.318539,0.0324175
261,0.810304,0.326268,0.032873
262,0.810304,0.317205,0.0323272
263,0.806762,0.313663,0.0321585
264,0.810692,0.321523,0.0325764
265,0.807019,0.31785,0.0323769
266,0.803551,0.314382,0.0322185
267,0.803551,0.305649,0.0318244
268,0.807614,0.313776,0.0321584
269,0.811537,0.321621,0.0325813
270,0.811537,0.312687,0.0320787
271,0.811537,0.304001,0.0316666
272,0.811537,0.295557,0.0313383
273,0.811537,0.287347,0.0310874
274,0.811537,0.279365,0.0309082
275,0.811537,0.271605,0.030795
276,0.816018,0.280567,0.0308386
277,0.816018,0.272773,0.0306982
278,0.820451,0.28164,0.0307818
279,0.817615,0.278805,0.0307691
280,0.814937,0.276126,0.0307751
281,0.819332,0.284915,0.0308875
282,0.819332,0.277001,0.0306979
283,0.823683,0.285705,0.0308452
284,0.827884,0.294106,0.0311026
285,0.824496,0.290717,0.0310034
286,0.828621,0.298968,0.0313117
287,0.825077,0.295424,0.0311803
288,0.825077,0.287218,0.0308751
289,0.821958,0.284099,0.030823
290,0.819012,0.281153,0.0307953
291,0.819012,0.273343,0.0306384
292,0.816446,0.270778,0.0306615
293,0.820904,0.279694,0.0307264
294,0.81811,0.2769,0.0307208
295,0.81811,0.269208,0.030602
296,0.81811,0.26173,0.0305433
297,0.81811,0.25446,0.0305397
298,0.822783,0.263807,0.0304313
299,0.820378,0.261401,0.0304786
300,0.818107,0.25913,0.030536
301,0.822715,0.268347,0.0304819
302,0.827164,0.277244,0.030559
303,0.831458,0.285832,0.0307538
304,0.8282,0.282574,0.0306876
305,0.825123,0.279497,0.0306487
306,0.822217,0.276591,0.0306329
307,0.819472,0.273846,0.0306367
308,0.81688,0.271254,0.0306571
309,0.814432,0.268806,0.0306912
310,0.814432,0.261339,0.0306492
311,0.812327,0.259234,0.0307137
312,0.812327,0.252033,0.0307487
313,0.812327,0.245032,0.0308326
314,0.817171,0.254721,0.0305689
315,0.817171,0.247646,0.0306178
316,0.815371,0.245845,0.0307047
317,0.81367,0.244145,0.030794
318,0.818518,0.25384,0.0305288
319,0.818518,0.246789,0.0305788
320,0.818518,0.239934,0.0306751
321,0.816894,0.23831,0.03077
322,0.816894,0.23169,0.0309237
323,0.821892,0.241686,0.0305198
324,0.826717,0.251336,0.030282
325,0.824549,0.249167,0.0303567
326,0.824549,0.242246,0.0304168
327,0.824549,0.235517,0.0305212
328,0.829441,0.245301,0.0302241
329,0.827364,0.243224,0.030309
330,0.825404,0.241264,0.0303988
331,0.823552,0.239412,0.0304921
332,0.828396,0.249101,0.0302374
333,0.828396,0.242182,0.0302847
334,0.826436,0.240221,0.0303756
335,0.824584,0.238369,0.0304701
336,0.824584,0.231748,0.030598
337,0.824584,0.225311,0.0307644
338,0.823198,0.223925,0.0308676
339,0.82826,0.234049,0.0304065
340,0.82653,0.232318,0.0305077
341,0.82653,0.225865,0.0306646
342,0.82653,0.219591,0.030857
343,0.82653,0.213491,0.0310819
344,0.825418,0.212379,0.0311821
345,0.824368,0.21133,0.0312794
346,0.829597,0.221787,0.03065
347,0.82817,0.22036,0.0307574
348,0.826822,0.219012,0.0308633
349,0.831927,0.229223,0.0303625
350,0.836855,0.239078,0.0300378
351,0.836855,0.232437,0.0301207
352,0.83493,0.230513,0.0302231
353,0.83493,0.22411,0.0303633
354,0.83329,0.22247,0.0304734
355,0.83329,0.21629,0.0306627
356,0.83329,0.210282,0.0308834
357,0.83208,0.209071,0.030991
358,0.830937,0.207928,0.0310958
359,0.830937,0.202153,0.0313624
360,0.830017,0.201233,0.0314569
361,0.829149,0.200365,0.0315481
362,0.82833,0.199545,0.0316359
363,0.827555,0.198771,0.0317202
364,0.832937,0.209534,0.0309304
365,0.831757,0.208354,0.0310369
366,0.830643,0.20724,0.0311406
367,0.835885,0.217724,0.0305028
368,0.840945,0.227845,0.0300543
369,0.840945,0.221516,0.0301905
370,0.845917,0.23146,0.0298312
371,0.843768,0.229311,0.0299315
372,0.843768,0.222941,0.0300503
373,0.848701,0.232807,0.0297306
374,0.853463,0.242331,0.0295701
375,0.850802,0.23967,0.0296341
376,0.850802,0.233012,0.0296668
377,0.850802,0.22654,0.0297412
378,0.848653,0.224391,0.0298477
379,0.846624,0.222362,0.0299585
380,0.846624,0.216185,0.0301072
381,0.851631,0.226199,0.0297195
382,0.851631,0.219916,0.0298314
383,0.849644,0.217929,0.0299477
384,0.847767,0.216052,0.0300663
385,0.847767,0.21005,0.0302447
386,0.847767,0.204216,0.0304528
387,0.846323,0.202772,0.0305754
388,0.851518,0.213162,0.0299999
389,0.851518,0.207241,0.0301817
390,0.849886,0.205609,0.0303078
391,0.848345,0.204067,0.0304327
392,0.853508,0.214394,0.0298917
393,0.851622,0.212508,0.0300143
394,0.856645,0.222555,0.029615
395,0.861494,0.232252,0.0293832
396,0.866175,0.241614,0.0293025
397,0.870693,0.25065,0.029358
398,0.867322,0.247279,0.0293466
399,0.864139,0.244096,0.0293611
400,0.864139,0.237315,0.0293197
401,0.86132,0.234497,0.0293816
402,0.86132,0.227983,0.0294126
403,0.85884,0.225503,0.0295073
404,0.85884,0.219239,0.0296004
405,0.86372,0.228998,0.0293423
406,0.861144,0.226423,0.0294313
407,0.858712,0.22399,0.02953
408,0.863526,0.23362,0.0293307
409,0.863526,0.22713,0.0293601
410,0.868264,0.236605,0.0292323
411,0.868264,0.230033,0.0292271
412,0.865533,0.227302,0.0293063
413,0.862955,0.224724,0.0293977
414,0.862955,0.218481,0.0294825
415,0.862955,0.212412,0.0296023
416,0.860861,0.210319,0.0297269
417,0.860861,0.204477,0.0298954
418,0.859046,0.202662,0.0300279
419,0.857332,0.200948,0.0301604
420,0.855713,0.199329,0.0302921
421,0.860891,0.209685,0.0297425
422,0.860891,0.20386,0.029914
423,0.86597,0.214018,0.0294681
424,0.86597,0.208073,0.0296027
425,0.863914,0.206017,0.0297327
426,0.863914,0.200294,0.0299133
427,0.86213,0.19851,0.0300497
428,0.867275,0.2088,0.0295393
429,0.867275,0.203,0.0296967
430,0.867275,0.197361,0.0298819
431,0.8724,0.207611,0.0293958
432,0.870177,0.205389,0.0295252
433,0.875171,0.215375,0.0291702
434,0.875171,0.209393,0.0292701
435,0.880074,0.219199,0.0290039
436,0.877316,0.216441,0.029099
437,0.877316,0.210429,0.0291866
438,0.877316,0.204584,0.0293064
439,0.877316,0.198901,0.0294557
440,0.877316,0.193376,0.0296318
441,0.877316,0.188004,0.0298322
442,0.877316,0.182782,0.0300548
443,0.875647,0.181113,0.0302055
444,0.87407,0.179536,0.0303541
445,0.872581,0.178047,0.0304999
446,0.877937,0.18876,0.0297775
447,0.877937,0.183516,0.0299954
448,0.883181,0.194003,0.0293978
449,0.881037,0.191859,0.029545
450,0.886143,0.202071,0.0290897
451,0.883692,0.19962,0.0292226
452,0.883692,0.194075,0.0293777
453,0.881532,0.191915,0.0295248
454,0.879492,0.189875,0.0296742
455,0.884636,0.200163,0.0291793
456,0.889602,0.210094,0.0288627
457,0.894395,0.219681,0.0287072
458,0.899021,0.228934,0.0286969
459,0.899021,0.222575,0.0286422
460,0.895644,0.219197,0.0286854
461,0.895644,0.213108,0.0287018
462,0.892623,0.210087,0.0287913
463,0.88977,0.207234,0.0288962
464,0.894601,0.216898,0.0287066
465,0.894601,0.210873,0.0287396
466,0.899349,0.220368,0.0286277
467,0.903932,0.229533,0.0286569
468,0.903932,0.223157,0.0285826
469,0.900401,0.219627,0.0286094
470,0.897067,0.216293,0.0286624
471,0.901723,0.225603,0.0286306
472,0.906216,0.23459,0.0287319
473,0.906216,0.228074,0.0286161
474,0.902486,0.224344,0.02861
475,0.898963,0.220821,0.0286351
476,0.895635,0.217493,0.0286864
477,0.900284,0.22679,0.0286591
478,0.900284,0.220491,0.0286143
479,0.896929,0.217136,0.0286636
480,0.896929,0.211104,0.0286883
481,0.896929,0.20524,0.0287471
482,0.894091,0.202402,0.0288608
483,0.891411,0.199722,0.028986
484,0.888879,0.19719,0.0291202
485,0.888879,0.191713,0.0292723
486,0.888879,0.186387,0.029449
487,0.886788,0.184297,0.0296054
488,0.891959,0.194639,0.0290898
489,0.891959,0.189232,0.0292452
490,0.897026,0.199365,0.0288379
491,0.901917,0.209146,0.028601
492,0.901917,0.203337,0.028656
493,0.901917,0.197688,0.0287418
494,0.906796,0.207448,0.0285186
495,0.906796,0.201686,0.0285688
496,0.906796,0.196083,0.0286494
497,0.911665,0.20582,0.0284406
498,0.911665,0.200103,0.0284856
499,0.916443,0.20966,0.0283603
500,0.916443,0.203836,0.0283702
501,0.913102,0.200495,0.0284533
502,0.917866,0.210022,0.0283426
503,0.914313,0.206469,0.0283943
504,0.918985,0.215813,0.028362
505,0.923495,0.224832,0.0284638
506,0.927848,0.233538,0.0286858
507,0.923365,0.229055,0.0285569
508,0.92766,0.237646,0.0288197
509,0.923068,0.233054,0.0286608
510,0.918731,0.228717,0.0285575
511,0.918731,0.222364,0.0284416
512,0.923152,0.231205,0.0286109
513,0.923152,0.224783,0.0284638
514,0.919043,0.220673,0.0284155
515,0.915162,0.216792,0.0284073
516,0.919684,0.225838,0.0284961
517,0.919684,0.219564,0.0283965
518,0.919684,0.213465,0.0283374
519,0.915986,0.209767,0.0283666
520,0.912493,0.206274,0.0284245
521,0.909193,0.202974,0.0285063
522,0.909193,0.197336,0.0285735
523,0.914028,0.207005,0.0283972
524,0.914028,0.201255,0.028429
525,0.918774,0.210747,0.0283336
526,0.923355,0.21991,0.0283786
527,0.923355,0.213802,0.0283061
528,0.927863,0.222816,0.028413
529,0.927863,0.216627,0.0283079
530,0.932299,0.2255,0.0284718
531,0.936582,0.234065,0.0287498
532,0.936582,0.227564,0.0285389
533,0.932022,0.223004,0.0284126
534,0.932022,0.216809,0.0282933
535,0.936428,0.22562,0.0284836
536,0.936428,0.219353,0.028333
537,0.940767,0.228031,0.0285741
538,0.940767,0.221697,0.0283931
539,0.936254,0.217184,0.0282902
540,0.940625,0.225926,0.0285088
541,0.940625,0.21965,0.0283429
542,0.936173,0.215198,0.0282553
543,0.940572,0.223996,0.0284534
544,0.940572,0.217773,0.0283009
545,0.940572,0.211724,0.0281898
546,0.936341,0.207494,0.028156
547,0.940846,0.216503,0.0282746
548,0.936475,0.212132,0.028208
549,0.932347,0.208004,0.0281874
550,0.928448,0.204106,0.0282058
551,0.928448,0.198436,0.0282124
552,0.924924,0.194911,0.0282907
553,0.921595,0.191583,0.0283921
554,0.926423,0.201239,0.0282314
555,0.922877,0.197693,0.0283018
556,0.919528,0.194343,0.0283963
557,0.919528,0.188945,0.0284787
558,0.916515,0.185932,0.0286112
559,0.913669,0.183086,0.0287565
560,0.91867,0.193088,0.0284304
561,0.915566,0.189984,0.0285505
562,0.912634,0.187052,0.0286852
563,0.917587,0.196958,0.0284033
564,0.922368,0.206521,0.0282805
565,0.922368,0.200784,0.028291
566,0.922368,0.195207,0.0283328
567,0.92714,0.204752,0.0282215
568,0.92714,0.199064,0.0282283
569,0.923635,0.195558,0.0283069
570,0.920324,0.192247,0.0284084
571,0.920324,0.186907,0.0284988
572,0.925226,0.196711,0.0282707
573,0.929957,0.206174,0.0281967
574,0.926176,0.202393,0.0282326
575,0.930822,0.211685,0.028231
576,0.926863,0.207726,0.0282336
577,0.923125,0.203988,0.0282709
578,0.923125,0.198321,0.0282933
579,0.927849,0.207769,0.0282242
580,0.932408,0.216889,0.0282934
581,0.932408,0.210864,0.0282126
582,0.932408,0.205007,0.0281688
583,0.928591,0.20119,0.0282034
584,0.928591,0.195601,0.0282256
585,0.933315,0.205048,0.028161
586,0.929472,0.201205,0.0281926
587,0.934111,0.210484,0.0281987
588,0.93859,0.219442,0.0283356
589,0.942913,0.228088,0.0285898
590,0.938163,0.223338,0.028428
591,0.942435,0.231882,0.0287176
592,0.942435,0.22544,0.0285037
593,0.946648,0.233867,0.0288361
594,0.946648,0.22737,0.0285939
595,0.941814,0.222537,0.0284184
596,0.937249,0.217971,0.0283045
597,0.941602,0.226677,0.0285366
598,0.941602,0.22038,0.0283625
599,0.945891,0.228959,0.0286426
600,0.941034,0.224102,0.0284582
601,0.941034,0.217877,0.0283036
602,0.945362,0.226532,0.0285562
603,0.945362,0.22024,0.0283712
604,0.949627,0.22877,0.0286706
605,0.944671,0.223814,0.0284675
606,0.944671,0.217597,0.0283035
607,0.944671,0.211553,0.0281812
608,0.949062,0.220334,0.0283916
609,0.944356,0.215628,0.0282592
610,0.948692,0.2243,0.0285085
611,0.943887,0.219495,0.028347
612,0.943887,0.213398,0.0282145
613,0.948257,0.222138,0.028439
614,0.943524,0.217405,0.0282967
615,0.943524,0.211366,0.0281791
616,0.939222,0.207064,0.0281357
617,0.939222,0.201312,0.0280947
618,0.935318,0.197408,0.0281277
619,0.931631,0.193721,0.0281927
620,0.928149,0.190239,0.0282843
621,0.928149,0.184955,0.0283635
622,0.925007,0.181813,0.0284962
623,0.92204,0.178846,0.0286434
624,0.919238,0.176044,0.028802
625,0.916591,0.173397,0.0289691
626,0.914091,0.170897,0.0291426
627,0.91173,0.168536,0.0293202
628,0.916947,0.17897,0.0287796
629,0.916947,0.173998,0.0289372
630,0.914421,0.171472,0.0291095
631,0.914421,0.166709,0.0293018
632,0.914421,0.162078,0.0295104
633,0.914421,0.157576,0.0297339
634,0.919771,0.168276,0.0290555
635,0.924935,0.178605,0.0285749
636,0.929921,0.188575,0.0282733
637,0.926629,0.185284,0.0283896
638,0.926629,0.180137,0.0284959
639,0.923663,0.177171,0.028646
640,0.923663,0.17225,0.0287943
641,0.920999,0.169586,0.028967
642,0.918483,0.167069,0.0291458
643,0.916106,0.164693,0.0293288
644,0.916106,0.160118,0.0295402
645,0.92141,0.170724,0.0289133
646,0.92141,0.165982,0.0290917
647,0.918982,0.163555,0.0292762
648,0.924217,0.174026,0.0287225
649,0.929271,0.184133,0.0283548
650,0.926121,0.180983,0.0284885
651,0.926121,0.175956,0.0286149
652,0.931135,0.185983,0.0282872
653,0.935974,0.195662,0.0281239
654,0.932318,0.192005,0.0281957
655,0.937065,0.201501,0.0281135
656,0.941648,0.210667,0.0281714
657,0.941648,0.204815,0.0281018
658,0.93758,0.200746,0.0281066
659,0.933737,0.196904,0.0281479
660,0.930109,0.193275,0.0282196
661,0.926681,0.189848,0.0283166
662,0.926681,0.184574,0.0284016
663,0.931571,0.194354,0.0281893
664,0.931571,0.188956,0.0282391
665,0.936367,0.198546,0.0281152
666,0.936367,0.193031,0.0281301
667,0.936367,0.187669,0.0281737
668,0.932921,0.184224,0.0282805
669,0.929667,0.18097,0.0284076
670,0.929667,0.175943,0.0285252
671,0.926734,0.173009,0.0286839
672,0.923963,0.170238,0.0288529
673,0.923963,0.16551,0.0290269
674,0.929137,0.175857,0.0285406
675,0.92622,0.17294,0.0287001
676,0.931275,0.18305,0.028333
677,0.936154,0.192809,0.0281342
678,0.936154,0.187453,0.0281795
679,0.932721,0.18402,0.0282876
680,0.929478,0.180777,0.0284159
681,0.934401,0.190624,0.0281755
682,0.939154,0.200128,0.0280909
683,0.935285,0.196259,0.0281306
684,0.935285,0.190808,0.0281605
685,0.935285,0.185508,0.0282181
686,0.935285,0.180355,0.0283011
687,0.940174,0.190132,0.0280968
688,0.944893,0.199571,0.0280452
689,0.944893,0.194027,0.0280309
690,0.941034,0.190168,0.0280854
691,0.945747,0.199594,0.0280399
692,0.950296,0.208692,0.0281311
693,0.950296,0.202895,0.0280484
694,0.946041,0.19864,0.0280329
695,0.950601,0.20776,0.0281155
696,0.946202,0.203361,0.0280669
697,0.942047,0.199207,0.028064
698,0.942047,0.193673,0.0280596
699,0.946704,0.202987,0.0280613
700,0.942546,0.198829,0.0280588
701,0.947128,0.207993,0.0281216
702,0.951551,0.216838,0.02831
703,0.946874,0.212161,0.0281922
704,0.942456,0.207743,0.0281294
705,0.938284,0.203571,0.0281135
706,0.934343,0.199631,0.028137
707,0.930622,0.195909,0.0281937
708,0.927107,0.192395,0.028278
709,0.927107,0.18705,0.0283496
710,0.93196,0.196756,0.0281713
711,0.928384,0.19318,0.0282484
712,0.928384,0.187814,0.0283126
713,0.933218,0.197481,0.0281528
714,0.929587,0.19385,0.0282231
715,0.929587,0.188465,0.0282808
716,0.926308,0.185186,0.0283983
717,0.926308,0.180042,0.0285058
718,0.926308,0.175041,0.0286356
719,0.923493,0.172226,0.0288
720,0.928576,0.182393,0.0284026
721,0.928576,0.177327,0.0285167
722,0.933554,0.187282,0.0282252
723,0.933554,0.18208,0.0283043
724,0.930342,0.178867,0.0284382
725,0.927308,0.175834,0.0285875
726,0.924443,0.172969,0.0287489
727,0.921737,0.170263,0.0289196
728,0.92686,0.180509,0.0284818
729,0.923878,0.177527,0.0286306
730,0.928885,0.187542,0.028307
731,0.928885,0.182332,0.0283971
732,0.928885,0.177267,0.0285106
733,0.933862,0.18722,0.0282206
734,0.938665,0.196827,0.0280914
735,0.934901,0.193063,0.0281499
736,0.934901,0.1877,0.0281972
737,0.934901,0.182486,0.0282709
738,0.939763,0.19221,0.0280906
739,0.944457,0.201597,0.0280605
740,0.944457,0.195997,0.0280361
741,0.949065,0.205213,0.0280795
742,0.949065,0.199512,0.0280212
743,0.944937,0.195385,0.0280311
744,0.944937,0.189958,0.0280394
745,0.949626,0.199335,0.0280172
746,0.949626,0.193798,0.0279911
747,0.954229,0.203003,0.0280428
748,0.949861,0.198636,0.0280111
749,0.945736,0.194511,0.0280234
750,0.945736,0.189108,0.0280342
751,0.945736,0.183855,0.0280726
752,0.942136,0.180255,0.0281745
753,0.946979,0.18994,0.0280173
754,0.946979,0.184664,0.0280483
755,0.943322,0.181007,0.0281434
756,0.948146,0.190656,0.0280037
757,0.944291,0.1868,0.0280662
758,0.949028,0.196274,0.0280028
759,0.9536,0.205418,0.0280781
760,0.949183,0.201001,0.0280328
761,0.949183,0.195418,0.0279986
762,0.953766,0.204584,0.0280654
763,0.953766,0.198901,0.0279975
764,0.953766,0.193376,0.0279624
765,0.958346,0.202536,0.0280355
766,0.953877,0.198067,0.0279898
767,0.949656,0.193846,0.027991
768,0.94567,0.18986,0.0280316
769,0.941905,0.186095,0.0281053
770,0.93835,0.18254,0.0282063
771,0.934992,0.179182,0.0283297
772,0.93182,0.17601,0.0284713
773,0.928825,0.173015,0.0286274
774,0.925996,0.170186,0.0287947
775,0.925996,0.165459,0.0289642
776,0.931156,0.175779,0.028493
777,0.928186,0.172809,0.0286505
778,0.928186,0.168009,0.0288049
779,0.925514,0.165337,0.0289841
780,0.92299,0.162813,0.0291691
781,0.920607,0.160429,0.029358
782,0.918356,0.158178,0.029549
783,0.92367,0.168807,0.0289122
784,0.92367,0.164118,0.0290921
785,0.92367,0.15956,0.0292881
786,0.928929,0.170076,0.0287147
787,0.926179,0.167326,0.028889
788,0.923581,0.164729,0.0290703
789,0.923581,0.160153,0.0292645
790,0.923581,0.155704,0.0294734
791,0.921379,0.153502,0.0296697
792,0.926737,0.164219,0.0289887
793,0.924211,0.161692,0.0291753
794,0.929436,0.172142,0.0286369
795,0.929436,0.167361,0.0287909
796,0.934546,0.177581,0.0283727
797,0.939478,0.187446,0.028128
798,0.935953,0.18392,0.0282287
799,0.932623,0.18059,0.0283514
800,0.929478,0.177446,0.0284919
801,0.929478,0.172517,0.0286247
802,0.929478,0.167724,0.0287772
803,0.929478,0.163065,0.0289474
804,0.929478,0.158536,0.0291336
805,0.929478,0.154132,0.0293344
806,0.929478,0.149851,0.0295482
807,0.934831,0.160556,0.0288803
808,0.932181,0.157907,0.0290714
809,0.937404,0.168351,0.0285428
810,0.942445,0.178433,0.0281985
811,0.942445,0.173477,0.0282951
812,0.939225,0.170257,0.0284446
813,0.939225,0.165527,0.0285826
814,0.944292,0.175662,0.0282142
815,0.94096,0.17233,0.0283528
816,0.937813,0.169183,0.0285084
817,0.937813,0.164484,0.0286537
818,0.937813,0.159915,0.0288162
819,0.942968,0.170225,0.0283603
820,0.939824,0.167081,0.0285198
821,0.939824,0.16244,0.0286683
822,0.94493,0.172652,0.0282627
823,0.941664,0.169386,0.0284111
824,0.938579,0.166301,0.028575
825,0.943641,0.176424,0.0282122
826,0.943641,0.171523,0.0283145
827,0.943641,0.166759,0.0284369
828,0.94866,0.176798,0.0281181
829,0.94866,0.171887,0.0282065
830,0.945312,0.168539,0.0283514
831,0.942149,0.165376,0.0285132
832,0.942149,0.160782,0.0286625
833,0.93929,0.157923,0.0288493
834,0.944463,0.168268,0.0283772
835,0.949456,0.178255,0.0280843
836,0.945908,0.174707,0.0282022
837,0.942558,0.171357,0.0283415
838,0.947521,0.181283,0.0280748
839,0.947521,0.176248,0.028146
840,0.947521,0.171352,0.0282396
841,0.95245,0.18121,0.0280088
842,0.948737,0.177497,0.0281063
843,0.953573,0.187168,0.0279611
844,0.953573,0.181968,0.0279887
845,0.949808,0.178203,0.0280796
846,0.949808,0.173253,0.028159
847,0.946389,0.169835,0.0282966
848,0.951347,0.179751,0.0280382
849,0.947706,0.176109,0.0281452
850,0.952567,0.185832,0.0279756
851,0.952567,0.18067,0.0280124
852,0.948866,0.176969,0.0281122
853,0.953708,0.186653,0.0279614
854,0.958381,0.196,0.0279584
855,0.954093,0.191711,0.0279556
856,0.954093,0.186386,0.0279586
857,0.950191,0.182484,0.0280258
858,0.946505,0.178798,0.0281231
859,0.946505,0.173832,0.028208
860,0.946505,0.169003,0.0283142
861,0.946505,0.164309,0.0284398
862,0.943427,0.16123,0.0286131
863,0.943427,0.156752,0.0287742
864,0.948587,0.167072,0.0283181
865,0.953568,0.177034,0.02804
866,0.949941,0.173406,0.0281539
867,0.946514,0.16998,0.0282906
868,0.946514,0.165258,0.0284124
869,0.946514,0.160668,0.0285522
870,0.943537,0.157691,0.0287357
871,0.940725,0.154879,0.0289286
872,0.94593,0.165289,0.0284251
873,0.950954,0.175337,0.0281039
874,0.947446,0.171829,0.0282308
875,0.944133,0.168516,0.0283781
876,0.941004,0.165387,0.0285415
877,0.946061,0.175501,0.0281847
878,0.946061,0.170626,0.028285
879,0.94282,0.167385,0.0284387
880,0.939758,0.164323,0.0286072
881,0.936867,0.161432,0.0287871
882,0.934137,0.158702,0.0289755
883,0.934137,0.154293,0.0291655
884,0.934137,0.150007,0.0293689
885,0.939455,0.160644,0.0287419
886,0.939455,0.156182,0.0289138
887,0.936799,0.153525,0.0291116
888,0.93429,0.151016,0.029314
889,0.93192,0.148647,0.0295191
890,0.93192,0.144518,0.0297426
891,0.93192,0.140503,0.0299762
892,0.937386,0.151435,0.0291874
893,0.934918,0.148968,0.0293928
894,0.932588,0.146637,0.0296002
895,0.937964,0.157389,0.0289103
896,0.943154,0.167768,0.0284203
897,0.943154,0.163108,0.0285585
898,0.943154,0.158577,0.0287137
899,0.94829,0.16885,0.0282808
900,0.945036,0.165596,0.0284371
901,0.945036,0.160997,0.0285791
902,0.942091,0.158051,0.028763
903,0.939309,0.15527,0.0289559
904,0.936682,0.152642,0.0291554
905,0.934201,0.150161,0.029359
906,0.939517,0.160793,0.0287348
907,0.939517,0.156326,0.0289061
908,0.936854,0.153664,0.0291035
909,0.936854,0.149395,0.0293029
910,0.934459,0.147,0.0295106
911,0.932196,0.144737,0.0297195
912,0.932196,0.140716,0.029952
913,0.93017,0.138691,0.0301617
914,0.93017,0.134839,0.0304114
915,0.93017,0.131093,0.0306684
916,0.935779,0.14231,0.0297157
917,0.935779,0.138357,0.0299467
918,0.935779,0.134514,0.0301863
919,0.935779,0.130778,0.0304334
920,0.941353,0.141926,0.0295259
921,0.941353,0.137983,0.0297468
922,0.939149,0.135779,0.029966
923,0.937068,0.133698,0.0301837
924,0.935102,0.131732,0.030399
925,0.933246,0.129876,0.0306109
926,0.93885,0.141084,0.0296662
927,0.94426,0.151903,0.0289455
928,0.941588,0.149232,0.0291498
929,0.941588,0.145087,0.0293517
930,0.941588,0.141057,0.0295645
931,0.941588,0.137138,0.0297869
932,0.947034,0.148029,0.0290295
933,0.95229,0.158542,0.0284788
934,0.949211,0.155463,0.0286624
935,0.946304,0.152556,0.0288569
936,0.951502,0.162953,0.0283647
937,0.948323,0.159773,0.028536
938,0.953407,0.169942,0.0281591
939,0.958315,0.179757,0.0279526
940,0.958315,0.174764,0.0280038
941,0.954618,0.171067,0.0281167
942,0.951127,0.167576,0.0282536
943,0.951127,0.162921,0.0283739
944,0.947959,0.159753,0.0285458
945,0.947959,0.155316,0.0287018
946,0.947959,0.151001,0.0288723
947,0.947959,0.146807,0.029056
948,0.945327,0.144174,0.0292683
949,0.942841,0.141688,0.0294843
950,0.942841,0.137752,0.0297028
951,0.948269,0.148609,0.0289654
952,0.945578,0.145918,0.0291747
953,0.943036,0.143376,0.0293884
954,0.948385,0.154074,0.0287371
955,0.945539,0.151227,0.0289353
956,0.945539,0.147027,0.0291234
957,0.950819,0.157588,0.0285461
958,0.955917,0.167782,0.0281587
959,0.955917,0.163122,0.0282671
960,0.960902,0.173092,0.0279913
961,0.965713,0.182716,0.0278763
962,0.96159,0.178593,0.0279272
963,0.957696,0.174699,0.028013
964,0.962508,0.184322,0.0278955
965,0.967153,0.193612,0.027923
966,0.962687,0.189146,0.0279011
967,0.967264,0.198299,0.0279836
968,0.962665,0.1937,0.0279289
969,0.958321,0.189357,0.0279242
970,0.962925,0.198565,0.0279816
971,0.967369,0.207453,0.0281659
972,0.971659,0.216032,0.0284641
973,0.971659,0.210031,0.0282709
974,0.971659,0.204197,0.0281176
975,0.966774,0.199312,0.0279983
976,0.962161,0.194699,0.0279386
977,0.966664,0.203705,0.0280779
978,0.971011,0.212398,0.0283357
979,0.965916,0.207304,0.0281529
980,0.961104,0.202492,0.028038
981,0.965506,0.211296,0.0282518
982,0.960595,0.206385,0.0281075
983,0.964947,0.215088,0.0283574
984,0.969147,0.223489,0.0287139
985,0.963796,0.218138,0.0284438
986,0.963796,0.212079,0.0282599
987,0.963796,0.206188,0.0281164
988,0.968128,0.214852,0.0283825
989,0.963046,0.209769,0.0281948
990,0.958245,0.204969,0.0280749
991,0.962633,0.213744,0.0282972
992,0.962633,0.207807,0.0281463
993,0.966951,0.216442,0.0284216
994,0.971118,0.224778,0.0288008
995,0.971118,0.218534,0.0285477
996,0.96585,0.213266,0.0283108
997,0.96585,0.207342,0.0281535
998,0.970152,0.215946,0.0284422
999,0.974305,0.224251,0.0288335
1000,0.968789,0.218735,0.0285237
1001,0.968789,0.212659,0.0283206
1002,0.968789,0.206752,0.0281586
1003,0.973079,0.215331,0.0284578
1004,0.967845,0.210098,0.028238
1005,0.967845,0.204262,0.0280954
1006,0.963064,0.199481,0.0279944
1007,0.967495,0.208342,0.028189
1008,0.971771,0.216895,0.0284963
1009,0.975899,0.225151,0.0289042
1010,0.975899,0.218897,0.0286334
1011,0.979971,0.22704,0.0290792
1012,0.983901,0.2349,0.0296104
1013,0.983901,0.228375,0.029239
1014,0.978005,0.222479,0.0288223
1015,0.982012,0.230493,0.029308
1016,0.98588,0.238229,0.0298747
1017,0.98588,0.231612,0.0294697
1018,0.98588,0.225178,0.029118
1019,0.989795,0.233008,0.0296616
1020,0.993574,0.240566,0.0302795
1021,0.98707,0.234062,0.029648
1022,0.980928,0.22792,0.0291454
1023,0.975126,0.222118,0.0287545
1024,0.969647,0.216639,0.0284599
1025,0.964473,0.211465,0.0282484
1026,0.959585,0.206578,0.028108
1027,0.95497,0.201962,0.0280284
1028,0.950611,0.197603,0.0280005
1029,0.946494,0.193486,0.0280164
1030,0.946494,0.188111,0.0280304
1031,0.946494,0.182886,0.0280718
1032,0.9429,0.179292,0.0281763
1033,0.939505,0.175898,0.0283036
1034,0.944427,0.185741,0.0280731
1035,0.944427,0.180581,0.0281314
1036,0.940955,0.177109,0.0282503
1037,0.937675,0.173829,0.0283895
1038,0.937675,0.169001,0.028517
1039,0.934712,0.166038,0.0286865
1040,0.934712,0.161425,0.0288506
1041,0.934712,0.156941,0.0290306
1042,0.934712,0.152582,0.0292248
1043,0.932287,0.150157,0.0294282
1044,0.932287,0.145986,0.029647
1045,0.932287,0.141931,0.0298764
1046,0.930225,0.139869,0.030086
1047,0.935712,0.150842,0.0292727
1048,0.941008,0.161434,0.0286708
1049,0.94612,0.171658,0.0282606
1050,0.94612,0.166889,0.0283766
1051,0.95112,0.176891,0.0280779
1052,0.95112,0.171977,0.0281598
1053,0.95112,0.1672,0.0282626
1054,0.947834,0.163913,0.0284203
1055,0.94473,0.160809,0.0285932
1056,0.94473,0.156342,0.0287528
1057,0.941922,0.153535,0.0289481
1058,0.947137,0.163965,0.028435
1059,0.944051,0.160879,0.0286086
1060,0.941136,0.157965,0.0287936
1061,0.941136,0.153577,0.0289706
1062,0.941136,0.149311,0.0291611
1063,0.946416,0.15987,0.0285812
1064,0.946416,0.155429,0.0287402
1065,0.946416,0.151111,0.0289137
1066,0.946416,0.146914,0.0291003
1067,0.946416,0.142833,0.0292985
1068,0.943937,0.140354,0.0295164
1069,0.943937,0.136455,0.0297358
1070,0.943937,0.132665,0.0299638
1071,0.943937,0.128979,0.0301992
1072,0.943937,0.125397,0.0304411
1073,0.949529,0.136581,0.0295203
1074,0.947137,0.134189,0.0297458
1075,0.947137,0.130462,0.0299723
1076,0.947137,0.126838,0.0302059
1077,0.945082,0.124783,0.0304333
1078,0.943141,0.122842,0.0306575
1079,0.948775,0.134108,0.0296884
1080,0.946472,0.131806,0.0299153
1081,0.951958,0.142777,0.0291178
1082,0.949326,0.140146,0.0293364
1083,0.946841,0.13766,0.0295582
1084,0.944494,0.135313,0.0297813
1085,0.949944,0.146214,0.0290208
1086,0.949944,0.142153,0.0292138
1087,0.947386,0.139594,0.0294331
1088,0.952757,0.150336,0.0287618
1089,0.952757,0.14616,0.0289374
1090,0.950009,0.143413,0.02915
1091,0.947414,0.140818,0.0293676
1092,0.947414,0.136906,0.0295792
1093,0.947414,0.133103,0.0297996
1094,0.947414,0.129406,0.0300278
1095,0.947414,0.125811,0.0302627
1096,0.94538,0.123777,0.0304904
1097,0.943459,0.121856,0.0307146
1098,0.941645,0.120042,0.0309346
1099,0.939931,0.118328,0.0311496
1100,0.938313,0.11671,0.0313592
1101,0.936785,0.115182,0.031563
1102,0.935341,0.113738,0.0317606
1103,0.941155,0.125366,0.0305673
1104,0.941155,0.121883,0.0308196
1105,0.946815,0.133204,0.0298168
1106,0.946815,0.129504,0.0300459
1107,0.95233,0.140534,0.0292155
1108,0.95233,0.13663,0.0294182
1109,0.95233,0.132835,0.0296299
1110,0.949965,0.130469,0.0298601
1111,0.94773,0.128235,0.0300899
1112,0.953257,0.139288,0.0292477
1113,0.958591,0.149957,0.0286206
1114,0.955576,0.146941,0.0288216
1115,0.952728,0.144094,0.0290316
1116,0.950039,0.141404,0.029248
1117,0.955366,0.152059,0.0286255
1118,0.960509,0.162344,0.0281974
1119,0.960509,0.157835,0.0283161
1120,0.957221,0.154547,0.0284917
1121,0.954117,0.151443,0.0286815
1122,0.959276,0.161762,0.0282352
1123,0.955914,0.1584,0.0283991
1124,0.952739,0.155224,0.028579
1125,0.952739,0.150913,0.0287395
1126,0.952739,0.146721,0.0289134
1127,0.957974,0.15719,0.0283898
1128,0.963027,0.167296,0.0280511
1129,0.963027,0.162649,0.0281449
1130,0.967969,0.172534,0.0279148
1131,0.964066,0.168631,0.0280134
1132,0.96038,0.164945,0.0281404
1133,0.956899,0.161464,0.0282905
1134,0.9619,0.171466,0.0280003
1135,0.966728,0.181121,0.0278724
1136,0.962621,0.177014,0.027929
1137,0.967366,0.186505,0.0278727
1138,0.963092,0.182231,0.0278955
1139,0.959055,0.178194,0.0279575
1140,0.955243,0.174382,0.0280522
1141,0.955243,0.169538,0.028135
1142,0.955243,0.164828,0.0282379
1143,0.951907,0.161493,0.0283974
1144,0.948757,0.158343,0.0285727
1145,0.953858,0.168545,0.0281798
1146,0.953858,0.163863,0.0282899
1147,0.958847,0.173841,0.0280087
1148,0.963663,0.183473,0.0278887
1149,0.963663,0.178377,0.0279087
1150,0.963663,0.173422,0.0279529
1151,0.959855,0.169614,0.0280587
1152,0.964723,0.179349,0.0278938
1153,0.969421,0.188746,0.0278787
1154,0.969421,0.183503,0.0278569
1155,0.974029,0.192719,0.0279194
1156,0.969398,0.188087,0.0278745
1157,0.973942,0.197176,0.0279872
1158,0.978329,0.20595,0.0282216
1159,0.978329,0.200229,0.0280752
1160,0.978329,0.194667,0.0279642
1161,0.978329,0.18926,0.027886
1162,0.973674,0.184605,0.0278469
1163,0.969277,0.180208,0.0278581
1164,0.965125,0.176056,0.0279115
1165,0.969866,0.185538,0.0278607
1166,0.969866,0.180385,0.0278544
1167,0.974515,0.189681,0.0278847
1168,0.974515,0.184412,0.0278444
1169,0.974515,0.17929,0.0278319
1170,0.970242,0.175017,0.0278729
1171,0.970242,0.170156,0.0279164
1172,0.966342,0.166256,0.0280208
1173,0.966342,0.161638,0.0281111
1174,0.971275,0.171504,0.0278919
1175,0.967309,0.167538,0.0279866
1176,0.972154,0.177227,0.027848
1177,0.968004,0.173078,0.027909
1178,0.964086,0.169159,0.0280049
1179,0.964086,0.16446,0.0280886
1180,0.968995,0.174279,0.027889
1181,0.968995,0.169438,0.0279389
1182,0.96515,0.165593,0.0280501
1183,0.96515,0.160993,0.0281458
1184,0.96515,0.156521,0.0282591
1185,0.96177,0.153141,0.0284323
1186,0.966853,0.163307,0.028068
1187,0.963237,0.159692,0.0282119
1188,0.959823,0.156277,0.0283768
1189,0.956598,0.153052,0.0285584
1190,0.961718,0.163292,0.0281534
1191,0.961718,0.158756,0.0282658
1192,0.961718,0.154346,0.0283948
1193,0.961718,0.150059,0.0285389
1194,0.966844,0.160311,0.0281324
1195,0.963312,0.156779,0.0282885
1196,0.963312,0.152424,0.0284209
1197,0.960097,0.149209,0.0286102
1198,0.957061,0.146173,0.0288119
1199,0.957061,0.142113,0.0289905
1200,0.96233,0.15265,0.0284356
1201,0.959136,0.149456,0.0286254
1202,0.959136,0.145305,0.0287903
1203,0.964346,0.155725,0.0282975
1204,0.969375,0.165783,0.0279871
1205,0.969375,0.161178,0.0280723
1206,0.974294,0.171015,0.027869
1207,0.979041,0.180511,0.02782
1208,0.983624,0.189677,0.02791
1209,0.988048,0.198524,0.0281246
1210,0.988048,0.19301,0.0279971
1211,0.983019,0.18798,0.027884
1212,0.978269,0.18323,0.0278334
1213,0.982819,0.192331,0.0279481
1214,0.977954,0.187466,0.0278661
1215,0.977954,0.182259,0.0278287
1216,0.973503,0.177808,0.0278385
1217,0.978162,0.187126,0.027863
1218,0.978162,0.181928,0.0278269
1219,0.973715,0.177481,0.0278381
1220,0.969516,0.173281,0.0278924
1221,0.965549,0.169315,0.0279829
1222,0.970381,0.178979,0.027854
1223,0.975045,0.188307,0.0278717
1224,0.970508,0.18377,0.027853
1225,0.975105,0.192964,0.0279253
1226,0.970436,0.188295,0.0278741
1227,0.970436,0.183065,0.0278519
1228,0.966172,0.178801,0.0278846
1229,0.970868,0.188193,0.0278727
1230,0.96645,0.183774,0.0278716
1231,0.962277,0.179602,0.0279139
1232,0.962277,0.174613,0.0279559
1233,0.967058,0.184175,0.0278687
1234,0.971673,0.193406,0.0279237
1235,0.976128,0.202315,0.0281064
1236,0.976128,0.196696,0.0279889
1237,0.971328,0.191895,0.0279056
1238,0.966794,0.187361,0.027878
1239,0.971367,0.196507,0.0279666
1240,0.975781,0.205335,0.0281793
1241,0.975781,0.199631,0.0280441
1242,0.975781,0.194086,0.0279438
1243,0.971062,0.189367,0.0278814
1244,0.966606,0.184911,0.0278719
1245,0.966606,0.179774,0.0278772
1246,0.966606,0.174781,0.0279075
1247,0.966606,0.169926,0.027961
1248,0.966606,0.165205,0.0280356
1249,0.966606,0.160616,0.0281294
1250,0.963072,0.157082,0.0282848
1251,0.968091,0.167121,0.0279828
1252,0.968091,0.162479,0.0280655
1253,0.964464,0.158852,0.0282103
1254,0.961039,0.155426,0.0283762
1255,0.961039,0.151109,0.0285181
1256,0.957923,0.147994,0.0287138
1257,0.954981,0.145051,0.0289202
1258,0.954981,0.141022,0.0291061
1259,0.952314,0.138356,0.0293273
1260,0.949796,0.135837,0.029552
1261,0.949796,0.132064,0.0297702
1262,0.949796,0.128395,0.0299959
1263,0.955306,0.139415,0.0291743
1264,0.952675,0.136784,0.029398
1265,0.952675,0.132984,0.0296087
1266,0.958101,0.143836,0.0288824
1267,0.963338,0.154312,0.0283606
1268,0.968394,0.164423,0.0280239
1269,0.964705,0.160734,0.0281596
1270,0.964705,0.156269,0.0282749
1271,0.969724,0.166307,0.0279742
1272,0.974569,0.175997,0.0278374
1273,0.970386,0.171815,0.0278975
1274,0.97515,0.181342,0.0278318
1275,0.97515,0.176305,0.0278331
1276,0.979819,0.185642,0.0278512
1277,0.979819,0.180485,0.0278187
1278,0.984396,0.189641,0.0279132
1279,0.988815,0.198479,0.0281319
1280,0.988815,0.192965,0.0280026
1281,0.993157,0.201649,0.0282797
1282,0.993157,0.196048,0.0281186
1283,0.997426,0.204586,0.0284493
1284,0.991815,0.198975,0.0281814
1285,0.986515,0.193675,0.0279983
1286,0.990863,0.202371,0.0282695
1287,0.990863,0.19675,0.0281102
1288,0.990863,0.191285,0.0279857
1289,0.990863,0.185971,0.0278933
1290,0.995288,0.194821,0.0281124
1291,0.990008,0.18954,0.0279459
1292,0.98502,0.184553,0.0278505
1293,0.98502,0.179426,0.0278104
1294,0.98502,0.174442,0.0277965
1295,0.980591,0.170013,0.0278294
1296,0.985309,0.179449,0.0278105
1297,0.985309,0.174464,0.0277959
1298,0.989932,0.183711,0.0278583
1299,0.989932,0.178608,0.0278101
1300,0.989932,0.173646,0.0277881
1301,0.989932,0.168823,0.0277904
1302,0.994601,0.178162,0.0278189
1303,0.994601,0.173213,0.0277876
1304,0.994601,0.168402,0.0277807
1305,0.994601,0.163724,0.0277961
1306,0.990204,0.159326,0.0278607
1307,0.990204,0.1549,0.0279246
1308,0.986173,0.150869,0.0280516
1309,0.982366,0.147063,0.0282076
1310,0.982366,0.142978,0.028332
1311,0.982366,0.139006,0.028469
1312,0.982366,0.135145,0.0286173
1313,0.982366,0.131391,0.0287758
1314,0.982366,0.127741,0.0289434
1315,0.979308,0.124682,0.0291827
1316,0.979308,0.121219,0.0293699
1317,0.984712,0.132028,0.0286912
1318,0.981469,0.128785,0.0289178
1319,0.986754,0.139354,0.0283682
1320,0.983251,0.135851,0.0285691
1321,0.983251,0.132078,0.0287241
1322,0.983251,0.128409,0.0288885
1323,0.983251,0.124842,0.0290611
1324,0.980248,0.121839,0.0293065
1325,0.980248,0.118455,0.0294974
1326,0.977507,0.115713,0.0297544
1327,0.977507,0.112499,0.0299595
1328,0.977507,0.109374,0.0301688
1329,0.975093,0.106961,0.030433
1330,0.972814,0.104681,0.0306954
1331,0.972814,0.101773,0.0309194
1332,0.970742,0.0997016,0.0311779
1333,0.976505,0.111227,0.0300808
1334,0.976505,0.108138,0.0302932
1335,0.976505,0.105134,0.0305088
1336,0.976505,0.102213,0.0307271
1337,0.974318,0.100027,0.0309913
1338,0.972253,0.0979617,0.0312515
1339,0.972253,0.0952406,0.0314799
1340,0.978067,0.106869,0.0303216
1341,0.98368,0.118094,0.0294093
1342,0.980853,0.115267,0.0296672
1343,0.978183,0.112597,0.0299285
1344,0.978183,0.109469,0.0301366
1345,0.983758,0.12062,0.0292668
1346,0.983758,0.11727,0.0294539
1347,0.983758,0.114012,0.0296466
1348,0.989232,0.12496,0.0288962
1349,0.994516,0.135527,0.0283543
1350,0.994516,0.131763,0.0284889
1351,0.991008,0.128255,0.0287051
1352,0.996234,0.138706,0.0282243
1353,0.992485,0.134958,0.0284114
1354,0.997608,0.145202,0.028035
1355,0.993641,0.141235,0.0281904
1356,0.998668,0.151289,0.0279066
1357,1.00352,0.160994,0.0277865
1358,1.00352,0.156522,0.027814
1359,1.00827,0.166014,0.0277895
1360,1.01285,0.175177,0.027903
1361,1.00762,0.169954,0.0278078
1362,1.00269,0.165021,0.0277784
1363,0.998033,0.160362,0.0278047
1364,1.00276,0.169824,0.0277887
1365,1.00733,0.178957,0.0279096
1366,1.01174,0.187773,0.0281531
1367,1.01599,0.196283,0.0285065
1368,1.01599,0.190831,0.0283163
1369,1.01599,0.18553,0.0281598
1370,1.02025,0.194043,0.0285151
1371,1.02436,0.202261,0.0289684
1372,1.02832,0.210193,0.0295086
1373,1.02832,0.204354,0.0291889
1374,1.03223,0.212173,0.0297631
1375,1.03223,0.20628,0.0294173
1376,1.03223,0.20055,0.0291144
1377,1.03223,0.194979,0.0288513
1378,1.02592,0.188667,0.028445
1379,1.01996,0.182706,0.0281495
1380,1.02423,0.191243,0.0284998
1381,1.01825,0.185258,0.0281895
1382,1.01259,0.179605,0.027976
1383,1.00725,0.174266,0.0278452
1384,1.00221,0.169224,0.0277849
1385,0.997449,0.164462,0.0277844
1386,0.997449,0.159893,0.0278107
1387,0.997449,0.155452,0.0278563
1388,1.00225,0.165058,0.0277783
1389,1.00689,0.174331,0.0278434
1390,1.00689,0.169488,0.0278014
1391,1.01143,0.178573,0.0279439
1392,1.01582,0.187343,0.0282072
1393,1.01582,0.182139,0.0280719
1394,1.01582,0.17708,0.0279665
1395,1.02019,0.18583,0.0282398
1396,1.01447,0.180107,0.0280089
1397,1.01881,0.188792,0.0283044
1398,1.01304,0.183025,0.0280537
1399,1.01736,0.191649,0.0283694
1400,1.01736,0.186326,0.0282044
1401,1.0117,0.180668,0.0279862
1402,1.00635,0.175324,0.0278512
1403,1.00131,0.170278,0.027787
1404,1.00588,0.179418,0.0279038
1405,1.00588,0.174435,0.027838
1406,1.01036,0.183396,0.0280267
1407,1.01036,0.178302,0.0279281
1408,1.01036,0.173349,0.0278571
1409,1.00526,0.168246,0.0277889
1410,1.00044,0.163427,0.0277824
1411,1.00511,0.17277,0.0278174
1412,1.00017,0.167829,0.0277786
1413,1.00017,0.163167,0.0277836
1414,1.00484,0.172521,0.027814
1415,1.00936,0.18155,0.0279764
1416,1.01372,0.190266,0.0282573
1417,1.00805,0.1846,0.0280243
1418,1.00805,0.179472,0.0279248
1419,1.00284,0.174263,0.0278191
1420,0.997922,0.169344,0.0277795
1421,1.00253,0.178557,0.0278648
1422,1.00698,0.187451,0.0280764
1423,1.00158,0.182051,0.0279087
1424,1.00158,0.176994,0.0278398
1425,1.00158,0.172077,0.0277972
1426,1.00158,0.167297,0.027779
1427,1.00619,0.176517,0.0278647
1428,1.01064,0.185417,0.0280768
1429,1.00519,0.179971,0.0279064
1430,1.0096,0.188788,0.0281478
1431,1.00409,0.183278,0.0279532
1432,1.00409,0.178187,0.0278712
1433,1.00409,0.173237,0.0278163
1434,0.999162,0.168311,0.0277786
1435,0.999162,0.163636,0.0277838
1436,1.00384,0.172991,0.027813
1437,0.998927,0.168079,0.0277783
1438,0.994288,0.16344,0.027799
1439,0.999002,0.172868,0.0277941
1440,0.994228,0.168094,0.0277816
1441,0.989719,0.163585,0.0278204
1442,0.994463,0.173073,0.0277869
1443,0.994463,0.168265,0.027781
1444,0.999109,0.177557,0.0278324
1445,0.999109,0.172625,0.027793
1446,1.00366,0.181731,0.0279216
1447,0.998512,0.176581,0.02782
1448,0.993648,0.171718,0.0277829
1449,0.998252,0.180925,0.0278676
1450,0.993275,0.175948,0.0277991
1451,0.988574,0.171247,0.0277893
1452,0.988574,0.16649,0.027806
1453,0.988574,0.161865,0.0278439
1454,0.99335,0.171417,0.0277825
1455,0.988773,0.16684,0.0278031
1456,0.993478,0.17625,0.0278013
1457,0.99802,0.185334,0.0279343
1458,0.992927,0.180241,0.0278323
1459,0.992927,0.175234,0.0277946
1460,0.992927,0.170366,0.027782
1461,0.988391,0.16583,0.0278111
1462,0.984107,0.161547,0.0278842
1463,0.980061,0.157501,0.027994
1464,0.980061,0.153126,0.0280873
1465,0.976361,0.149426,0.0282466
1466,0.976361,0.145275,0.0283758
1467,0.976361,0.14124,0.028518
1468,0.981508,0.151534,0.0281034
1469,0.986477,0.16147,0.0278645
1470,0.991272,0.171062,0.0277841
1471,0.991272,0.16631,0.0277953
1472,0.995967,0.1757,0.0278038
1473,1.0005,0.184765,0.0279461
1474,1.00487,0.193514,0.0282086
1475,0.999364,0.188003,0.0279987
1476,0.994159,0.182799,0.0278679
1477,0.994159,0.177721,0.0278137
1478,0.998676,0.186754,0.0279666
1479,0.993525,0.181603,0.0278497
1480,0.993525,0.176559,0.0278034
1481,0.993525,0.171655,0.0277828
1482,0.993525,0.166886,0.0277858
1483,0.989069,0.16243,0.0278348
1484,0.989069,0.157919,0.0278887
1485,0.984986,0.153836,0.0280034
1486,0.984986,0.149562,0.0280994
1487,0.981249,0.145825,0.0282636
1488,0.986298,0.155924,0.0279482
1489,0.986298,0.151592,0.0280338
1490,0.982468,0.147762,0.0281862
1491,0.982468,0.143658,0.0283082
1492,0.987539,0.153799,0.0279731
1493,0.992433,0.163589,0.0278061
1494,0.992433,0.159045,0.0278476
1495,0.992433,0.154627,0.0279077
1496,0.988348,0.150542,0.02803
1497,0.988348,0.14636,0.0281305
1498,0.988348,0.142295,0.028245
1499,0.993397,0.152393,0.0279359
1500,0.993397,0.14816,0.0280192
1501,0.99833,0.158025,0.0278229
1502,0.993987,0.153682,0.0279087
1503,0.998839,0.163385,0.0277853
1504,0.994332,0.158879,0.0278369
1505,0.994332,0.154466,0.0278935
1506,0.990199,0.150332,0.0280112
1507,0.995124,0.160181,0.0278196
1508,0.99081,0.155867,0.0279033
1509,0.99081,0.151538,0.0279793
1510,0.986855,0.147584,0.0281213
1511,0.986855,0.143484,0.0282349
1512,0.986855,0.139498,0.0283614
1513,0.983346,0.135989,0.0285616
1514,0.980031,0.132674,0.028778
1515,0.985271,0.143155,0.0282725
1516,0.981704,0.139587,0.0284619
1517,0.986837,0.149853,0.0280659
1518,0.991791,0.159762,0.027844
1519,0.991791,0.155324,0.0279027
1520,0.987705,0.151238,0.0280232
1521,0.992634,0.161096,0.0278251
1522,0.988364,0.156826,0.0279117
1523,0.984331,0.152793,0.0280339
1524,0.980522,0.148984,0.0281854
1525,0.980522,0.144845,0.0283074
1526,0.98559,0.154981,0.0279735
1527,0.981685,0.151077,0.028112
1528,0.977997,0.147389,0.0282765
1529,0.983047,0.157489,0.0279576
1530,0.987922,0.167239,0.0278049
1531,0.987922,0.162593,0.0278411
1532,0.983741,0.158412,0.027934
1533,0.979792,0.154464,0.0280606
1534,0.984732,0.164342,0.0278468
1535,0.9895,0.173878,0.0277889
1536,0.994102,0.183083,0.0278714
1537,0.994102,0.177998,0.0278158
1538,0.989322,0.173217,0.027788
1539,0.989322,0.168405,0.0277938
1540,0.994001,0.177765,0.0278136
1541,0.994001,0.172827,0.0277858
1542,0.994001,0.168026,0.0277821
1543,0.998654,0.177331,0.0278278
1544,1.00314,0.186313,0.0280037
1545,1.00748,0.194982,0.0282962
1546,1.01166,0.203351,0.0286929
1547,1.00569,0.197379,0.0283435
1548,1.00569,0.191896,0.0281746
1549,1.00993,0.200375,0.0285338
1550,1.00409,0.194533,0.0282265
1551,0.998572,0.189016,0.028012
1552,0.998572,0.183766,0.0279122
1553,0.998572,0.178661,0.0278416
1554,0.998572,0.173698,0.0277979
1555,0.998572,0.168873,0.0277791
1556,0.998572,0.164182,0.0277831
1557,0.994051,0.159661,0.0278305
1558,0.998819,0.169198,0.0277798
1559,1.00342,0.178403,0.0278692
1560,0.998371,0.173353,0.0277952
1561,0.993601,0.168582,0.027782
1562,0.998248,0.177877,0.0278314
1563,1.00273,0.18685,0.0280106
1564,0.997468,0.181583,0.0278715
1565,0.992495,0.17661,0.0278016
1566,0.992495,0.171704,0.0277833
1567,0.997106,0.180927,0.0278606
1568,0.992161,0.175982,0.0277975
1569,0.996716,0.185091,0.0279195
1570,1.00111,0.193885,0.0281636
1571,1.00536,0.202372,0.0285168
1572,1.00536,0.196751,0.0283168
1573,1.00536,0.191286,0.0281527
1574,0.999894,0.185823,0.0279603
1575,0.999894,0.180661,0.027875
1576,0.994878,0.175646,0.0278006
1577,0.994878,0.170767,0.0277811
1578,0.999487,0.179984,0.0278631
1579,0.999487,0.174984,0.0278103
1580,0.999487,0.170123,0.0277829
1581,0.999487,0.165398,0.027779
1582,0.999487,0.160803,0.0277965
1583,0.999487,0.156337,0.0278338
1584,1.00426,0.16589,0.0277802
1585,1.00426,0.161282,0.0277846
1586,0.999665,0.156683,0.0278293
1587,1.00444,0.166225,0.027781
1588,0.999695,0.161484,0.027792
1589,0.995218,0.157007,0.0278523
1590,1.00001,0.166601,0.0277778
1591,1.00001,0.161973,0.0277888
1592,1.00001,0.157474,0.02782
1593,1.00001,0.153099,0.0278697
1594,1.00001,0.148847,0.0279364
1595,1.00001,0.144712,0.0280186
1596,0.995995,0.140692,0.0281705
1597,0.995995,0.136784,0.0282875
1598,0.995995,0.132984,0.0284158
1599,0.995995,0.12929,0.0285545
1600,0.992514,0.12581,0.028777
1601,0.989228,0.122523,0.029014
1602,0.989228,0.11912,0.0291884
1603,0.994592,0.12985,0.0285612
1604,0.994592,0.126243,0.0287102
1605,0.994592,0.122736,0.0288676
1606,0.994592,0.119327,0.0290324
1607,0.994592,0.116012,0.0292038
1608,0.99152,0.11294,0.0294639
1609,0.99152,0.109802,0.0296506
1610,0.996998,0.120759,0.0289023
1611,0.996998,0.117405,0.029067
1612,1.00233,0.128074,0.0284786
1613,1.00233,0.124516,0.0286181
1614,1.00233,0.121057,0.0287658
1615,1.00233,0.117695,0.0289209
1616,1.00233,0.114425,0.0290825
1617,1.00767,0.125103,0.0284944
1618,1.00767,0.121628,0.0286315
1619,1.01287,0.132032,0.0281891
1620,1.0179,0.142075,0.0279268
1621,1.02274,0.151768,0.0278271
1622,1.02742,0.161126,0.0278738
1623,1.03194,0.170158,0.0280521
1624,1.02632,0.164544,0.0278965
1625,1.02102,0.159242,0.0278194
1626,1.02102,0.154819,0.0278155
1627,1.02102,0.150518,0.0278305
1628,1.02102,0.146337,0.0278628
1629,1.02579,0.155869,0.0278354
1630,1.03039,0.16507,0.0279472
1631,1.03483,0.173952,0.0281839
1632,1.03483,0.16912,0.0280762
1633,1.03483,0.164422,0.0279939
1634,1.03925,0.17326,0.0282498
1635,1.03334,0.167357,0.0280212
1636,1.02777,0.161782,0.0278825
1637,1.02777,0.157288,0.0278522
1638,1.02777,0.152919,0.027842
1639,1.0324,0.162174,0.0279338
1640,1.0324,0.15767,0.0278912
1641,1.0324,0.15329,0.0278692
1642,1.03699,0.162471,0.027994
1643,1.03699,0.157958,0.0279397
1644,1.03157,0.152543,0.0278622
1645,1.03157,0.148305,0.0278642
1646,1.03157,0.144186,0.0278833
1647,1.02669,0.139303,0.0279354
1648,1.02669,0.135434,0.0279971
1649,1.03157,0.14519,0.027877
1650,1.02666,0.14028,0.0279222
1651,1.02666,0.136383,0.0279807
1652,1.03152,0.146114,0.0278721
1653,1.02659,0.141179,0.027911
1654,1.03139,0.150777,0.0278599
1655,1.02633,0.145717,0.0278658
1656,1.02155,0.140938,0.0279283
1657,1.02155,0.137023,0.0279945
1658,1.01714,0.132618,0.0281268
1659,1.01298,0.128458,0.0282948
1660,1.01805,0.138599,0.0279862
1661,1.01805,0.134749,0.0280669
1662,1.01805,0.131006,0.0281596
1663,1.01805,0.127367,0.0282632
1664,1.0231,0.137467,0.027978
1665,1.02798,0.147216,0.0278579
1666,1.02798,0.143127,0.0278886
1667,1.03274,0.152651,0.0278699
1668,1.03734,0.161845,0.0279898
1669,1.03181,0.156312,0.0278775
1670,1.02658,0.151087,0.0278393
1671,1.02164,0.146152,0.0278638
1672,1.02164,0.142092,0.0279114
1673,1.0171,0.137544,0.0280138
1674,1.0171,0.133723,0.0280997
1675,1.01291,0.129534,0.0282623
1676,1.00895,0.125577,0.0284548
1677,1.00521,0.12184,0.0286713
1678,1.00521,0.118456,0.0288199
1679,1.00178,0.11502,0.0290662
1680,1.00711,0.12569,0.0284822
1681,1.00342,0.122001,0.0287013
1682,1.00865,0.132453,0.0282307
1683,1.00473,0.128533,0.0284193
1684,1.00986,0.138786,0.0280493
1685,1.00986,0.134931,0.0281452
1686,1.01486,0.144935,0.0278985
1687,1.01969,0.154592,0.0278126
1688,1.01969,0.150297,0.0278314
1689,1.01497,0.145576,0.027889
1690,1.01497,0.141532,0.0279522
1691,1.01497,0.1376,0.0280294
1692,1.01497,0.133778,0.0281192
1693,1.01497,0.130062,0.0282205
1694,1.01094,0.126033,0.028406
1695,1.01094,0.122533,0.0285353
1696,1.00723,0.118825,0.0287601
1697,1.01247,0.129313,0.0282749
1698,1.01247,0.125721,0.0283931
1699,1.01758,0.135944,0.028044
1700,1.02252,0.145813,0.0278661
1701,1.02728,0.155338,0.0278425
1702,1.03188,0.164533,0.0279578
1703,1.03632,0.173409,0.0281977
1704,1.0406,0.181977,0.0285492
1705,1.04474,0.190247,0.0290002
1706,1.03821,0.18372,0.0285531
1707,1.04234,0.191974,0.0290071
1708,1.04632,0.199943,0.0295491
1709,1.03948,0.193102,0.0289737
1710,1.03302,0.186641,0.0285342
1711,1.02692,0.18054,0.0282117
1712,1.03117,0.18904,0.0285791
1713,1.02505,0.182923,0.0282443
1714,1.02928,0.191383,0.0286237
1715,1.02928,0.186066,0.0284286
1716,1.03344,0.19438,0.0288581
1717,1.03344,0.188981,0.0286327
1718,1.03344,0.183731,0.0284416
1719,1.0274,0.177699,0.0281463
1720,1.0274,0.172763,0.0280364
1721,1.0274,0.167964,0.0279529
1722,1.0274,0.163298,0.0278938
1723,1.03189,0.17227,0.0280947
1724,1.02622,0.166599,0.0279201
1725,1.03067,0.175496,0.0281481
1726,1.02494,0.169769,0.0279509
1727,1.02935,0.178596,0.0282035
1728,1.02358,0.17282,0.0279851
